{
	"type":"Live2D Expression",
	"fade_in":500,
	"fade_out":500,
	"params":[
		{"id":"PARAM_EYE_L_OPEN","val":0.16,"def":0.8},
		{"id":"PARAM_EYE_R_OPEN","val":0.15,"def":0.8},
		{"id":"PARAM_EYE_L_SMILE","val":1},
		{"id":"PARAM_EYE_R_SMILE","val":1},
		{"id":"PARAM_BROW_L_X","val":0.31},
		{"id":"PARAM_BROW_R_X","val":0.31},
		{"id":"PARAM_BROW_L_ANGLE","val":0.44},
		{"id":"PARAM_BROW_R_ANGLE","val":0.44},
		{"id":"PARAM_BROW_L_FORM","val":1},
		{"id":"PARAM_BROW_R_FORM","val":1},
		{"id":"PARAM_MOUTH_FORM","val":0.75,"def":1},
		{"id":"PARAM_xin xing","val":1}
	]
}