{
	"type":"Live2D Expression",
	"fade_in":500,
	"fade_out":500,
	"params":[
		{"id":"PARAM_EYE_L_OPEN","val":0.93,"def":0.8},
		{"id":"PARAM_EYE_R_OPEN","val":0.93,"def":0.8},
		{"id":"PARAM_BROW_L_Y","val":0.84},
		{"id":"PARAM_BROW_R_Y","val":0.84},
		{"id":"PARAM_BROW_L_X","val":0.5},
		{"id":"PARAM_BROW_R_X","val":0.49},
		{"id":"PARAM_BROW_L_ANGLE","val":0.8},
		{"id":"PARAM_BROW_R_ANGLE","val":0.8},
		{"id":"PARAM_BROW_L_FORM","val":0},
		{"id":"PARAM_BROW_R_FORM","val":0},
		{"id":"PARAM_eye0000","val":0},
		{"id":"PARAM_yin fu","val":1}
	]
}