{
	"type":"Live2D Expression",
	"fade_in":500,
	"fade_out":500,
	"params":[
		{"id":"PARAM_EYE_L_OPEN","val":0,"def":0.8},
		{"id":"PARAM_EYE_R_OPEN","val":0,"def":0.8},
		{"id":"PARAM_BROW_L_Y","val":-0.88},
		{"id":"PARAM_BROW_R_Y","val":-0.88},
		{"id":"PARAM_BROW_L_X","val":-1},
		{"id":"PARAM_BROW_R_X","val":-1},
		{"id":"PARAM_BROW_L_ANGLE","val":-0.84},
		{"id":"PARAM_BROW_R_ANGLE","val":-0.84},
		{"id":"PARAM_BROW_L_FORM","val":-0.4},
		{"id":"PARAM_BROW_R_FORM","val":-0.41},
		{"id":"PARAM_MOUTH_FORM","val":-1,"def":1},
		{"id":"PARAM_hongyun","val":0.58},
		{"id":"PARAM_han di on face","val":0.98},
		{"id":"PARAM_gan ga","val":1}
	]
}