{
	"type":"Live2D Expression",
	"fade_in":500,
	"fade_out":500,
	"params":[
		{"id":"PARAM_EYE_L_OPEN","val":0.68,"def":0.8},
		{"id":"PARAM_EYE_R_OPEN","val":0.68,"def":0.8},
		{"id":"PARAM_eye bs","val":0.8},
		{"id":"PARAM_BROW_L_Y","val":-0.91},
		{"id":"PARAM_BROW_R_Y","val":-0.9},
		{"id":"PARAM_BROW_L_X","val":0},
		{"id":"PARAM_BROW_R_X","val":0},
		{"id":"PARAM_BROW_L_ANGLE","val":0},
		{"id":"PARAM_BROW_R_ANGLE","val":-0.01},
		{"id":"PARAM_BROW_L_FORM","val":-0.89},
		{"id":"PARAM_BROW_R_FORM","val":-0.9},
		{"id":"PARAM_MOUTH_FORM","val":0.74,"def":1},
		{"id":"PARAM_hongyun","val":1},
		{"id":"PARAM_hun luan","val":1}
	]
}