{
	"type":"Live2D Expression",
	"fade_in":500,
	"fade_out":500,
	"params":[
		{"id":"PARAM_BROW_L_Y","val":0.04},
		{"id":"PARAM_BROW_R_Y","val":0.04},
		{"id":"PARAM_BROW_L_X","val":-0.6},
		{"id":"PARAM_BROW_R_X","val":-0.6},
		{"id":"PARAM_BROW_L_ANGLE","val":0.44},
		{"id":"PARAM_BROW_R_ANGLE","val":0.42},
		{"id":"PARAM_BROW_L_FORM","val":-1},
		{"id":"PARAM_BROW_R_FORM","val":-1},
		{"id":"PARAM_eye0000","val":1},
		{"id":"PARAM_MOUTH_OPEN_Y","val":0},
		{"id":"PARAM_MOUTH_FORM","val":-1,"def":1},
		{"id":"PARAM_mouth dudu","val":0},
		{"id":"PARAM_hongyun","val":0.81},
		{"id":"PARAM_stars","val":0.9}
	]
}