{
	"type":"Live2D Physics",
	"physics_hair":[
		{
			"setup":{
				"length":0.17,
				"regist":0.5,
				"mass":0.1
			},
			"src":[
				{
					"id":"PARAM_ANGLE_X",
					"ptype":"x",
					"scale":0.005,
					"weight":1
				},
				{
					"id":"PARAM_ANGLE_Z",
					"ptype":"angle",
					"scale":0.8,
					"weight":1
				}
			],
			"targets":[
				{
					"id":"PARAM_HAIR_FRONT",
					"ptype":"angle",
					"scale":0.025,
					"weight":1
				}
			]
		},
		{
			"setup":{
				"length":0.34,
				"regist":0.5,
				"mass":0.2
			},
			"src":[
				{
					"id":"PARAM_ANGLE_X",
					"ptype":"x",
					"scale":0.005,
					"weight":1
				},
				{
					"id":"PARAM_ANGLE_Z",
					"ptype":"angle",
					"scale":0.8,
					"weight":1
				}
			],
			"targets":[
				{
					"id":"PARAM_HAIR_BACK",
					"ptype":"angle",
					"scale":0.025,
					"weight":1
				},
				{
					"id":"PARAM_HAIR_SIDE",
					"ptype":"angle",
					"scale":0.025,
					"weight":1
				}
			]
		},
		{
			"setup":{
				"length":0.04,
				"regist":1.2,
				"mass":0.25
			},
			"src":[
				{
					"id":"PARAM_BODY_ANGLE_Z",
					"ptype":"angle",
					"scale":0.8,
					"weight":1
				},
				{
					"id":"PARAM_BODY_ANGLE_Y",
					"ptype":"x",
					"scale":0.008,
					"weight":0.5
				},
				{
					"id":"PARAM_BODY_ANGLE_X",
					"ptype":"x",
					"scale":0.001,
					"weight":2
				}
			],
			"targets":[
				{
					"id":"PARAM_BUST_Y",
					"ptype":"angle",
					"scale":0.025,
					"weight":1
				},
				{
					"id":"PARAM_weiba huang",
					"ptype":"angle",
					"scale":0.08,
					"weight":1.5
				}
			]
		}
	]
}